Workbook

Sheet Data_Import
A1: date | B1: block | C1: sessionType | D1: venue | E1: exercise | F1: setNo | G1: reps | H1: loadKg | I1: rpe | J1: metricType | K1: metricValue | L1: unit | M1: device | N1: _FirstOfSession (helper -- do not delete/edit) | O1: _EffectiveBlock (helper -- do not delete/edit) | Q1: Paste the app's CSV export starting at row 2 (append model -- keep chronological order).
N2: =IF($A2="","",IF(COUNTIFS($A$2:$A2,$A2,$C$2:$C2,$C2)=1,1,0)) | O2: =IF($A2="","",IF($B2<>"",$B2,""))
N3: =IF($A3="","",IF(COUNTIFS($A$2:$A3,$A3,$C$2:$C3,$C3)=1,1,0)) | O3: =IF($A3="","",IF($B3<>"",$B3,$O2))
N4: =IF($A4="","",IF(COUNTIFS($A$2:$A4,$A4,$C$2:$C4,$C4)=1,1,0)) | O4: =IF($A4="","",IF($B4<>"",$B4,$O3))
N5: =IF($A5="","",IF(COUNTIFS($A$2:$A5,$A5,$C$2:$C5,$C5)=1,1,0)) | O5: =IF($A5="","",IF($B5<>"",$B5,$O4))
N6: =IF($A6="","",IF(COUNTIFS($A$2:$A6,$A6,$C$2:$C6,$C6)=1,1,0)) | O6: =IF($A6="","",IF($B6<>"",$B6,$O5))
N7: =IF($A7="","",IF(COUNTIFS($A$2:$A7,$A7,$C$2:$C7,$C7)=1,1,0)) | O7: =IF($A7="","",IF($B7<>"",$B7,$O6))
N8: =IF($A8="","",IF(COUNTIFS($A$2:$A8,$A8,$C$2:$C8,$C8)=1,1,0)) | O8: =IF($A8="","",IF($B8<>"",$B8,$O7))
N9: =IF($A9="","",IF(COUNTIFS($A$2:$A9,$A9,$C$2:$C9,$C9)=1,1,0)) | O9: =IF($A9="","",IF($B9<>"",$B9,$O8))
N10: =IF($A10="","",IF(COUNTIFS($A$2:$A10,$A10,$C$2:$C10,$C10)=1,1,0)) | O10: =IF($A10="","",IF($B10<>"",$B10,$O9))
N11: =IF($A11="","",IF(COUNTIFS($A$2:$A11,$A11,$C$2:$C11,$C11)=1,1,0)) | O11: =IF($A11="","",IF($B11<>"",$B11,$O10))
N12: =IF($A12="","",IF(COUNTIFS($A$2:$A12,$A12,$C$2:$C12,$C12)=1,1,0)) | O12: =IF($A12="","",IF($B12<>"",$B12,$O11))
N13: =IF($A13="","",IF(COUNTIFS($A$2:$A13,$A13,$C$2:$C13,$C13)=1,1,0)) | O13: =IF($A13="","",IF($B13<>"",$B13,$O12))
N14: =IF($A14="","",IF(COUNTIFS($A$2:$A14,$A14,$C$2:$C14,$C14)=1,1,0)) | O14: =IF($A14="","",IF($B14<>"",$B14,$O13))
... N2001: =IF($A2001="","",IF(COUNTIFS($A$2:$A2001,$A2001,$C$2:$C2001,$C2001)=1,1,0)) | O2001: =IF($A2001="","",IF($B2001<>"",$B2001,$O2000))

Sheet Dashboard
A1: Swing Gains -- Dashboard | F1: _RowCount | G1: =COUNTA(Data_Import!$A$2:$A$2001)
B3: Current block | C3: =IF($G$1=0,"-",INDEX(Data_Import!$O$2:$O$2001,$G$1))
B4: Sessions this block | C4: =IF($G$1=0,0,SUMPRODUCT((Data_Import!$O$2:$O$2001=$C$3)*(Data_Import!$N$2:$N$2001)))
B5: Latest swing speed (mph) | C5: =IFERROR(INDEX(Data_Import!$K$2:$K$2001,SUMPRODUCT(MAX((Data_Import!$J$2:$J$2001="swing_speed")*(ROW(Data_Import!$J$2:$J$2001)-ROW(INDEX(Data_Import!$J$2:$J$2001,1,1))+1)))),"-")
B6: Latest ROM -- hip switch (grade) | C6: =IFERROR(INDEX(Data_Import!$K$2:$K$2001,SUMPRODUCT(MAX((Data_Import!$J$2:$J$2001="rom_hip")*(ROW(Data_Import!$J$2:$J$2001)-ROW(INDEX(Data_Import!$J$2:$J$2001,1,1))+1)))),"-")
B7: Latest ROM -- thoracic (deg) | C7: =IFERROR(INDEX(Data_Import!$K$2:$K$2001,SUMPRODUCT(MAX((Data_Import!$J$2:$J$2001="rom_thoracic")*(ROW(Data_Import!$J$2:$J$2001)-ROW(INDEX(Data_Import!$J$2:$J$2001,1,1))+1)))),"-")
B8: Latest ROM -- toe reach (cm) | C8: =IFERROR(INDEX(Data_Import!$K$2:$K$2001,SUMPRODUCT(MAX((Data_Import!$J$2:$J$2001="rom_reach")*(ROW(Data_Import!$J$2:$J$2001)-ROW(INDEX(Data_Import!$J$2:$J$2001,1,1))+1)))),"-")
B10: Latest load -- Back squat (barbell) (kg) | C10: =IFERROR(INDEX(Data_Import!$H$2:$H$2001,SUMPRODUCT(MAX((Data_Import!$E$2:$E$2001="Back squat (barbell)")*(ROW(Data_Import!$E$2:$E$2001)-ROW(INDEX(Data_Import!$E$2:$E$2001,1,1))+1)))),"-")
B11: Latest load -- Bench press (barbell) (kg) | C11: =IFERROR(INDEX(Data_Import!$H$2:$H$2001,SUMPRODUCT(MAX((Data_Import!$E$2:$E$2001="Bench press (barbell)")*(ROW(Data_Import!$E$2:$E$2001)-ROW(INDEX(Data_Import!$E$2:$E$2001,1,1))+1)))),"-")
B13: See Lift_Trends / Speed_and_ROM / Weakness_Panel sheets for detail.

Sheet Lift_Trends
A1: Load progression per main lift, by block | F1: Add another lift: copy a column's formula pattern into the next free column.
A3: Block | B3: Back squat (barbell) | C3: Bench press (barbell)
A4: 1 | B4: =IF(COUNTIFS(Data_Import!$O:$O,"Block "&$A4&": *",Data_Import!$E:$E,B$3)=0,"",MAXIFS(Data_Import!$H:$H,Data_Import!$O:$O,"Block "&$A4&": *",Data_Import!$E:$E,B$3)) | C4: =IF(COUNTIFS(Data_Import!$O:$O,"Block "&$A4&": *",Data_Import!$E:$E,C$3)=0,"",MAXIFS(Data_Import!$H:$H,Data_Import!$O:$O,"Block "&$A4&": *",Data_Import!$E:$E,C$3))
A5: 2 | B5: =IF(COUNTIFS(Data_Import!$O:$O,"Block "&$A5&": *",Data_Import!$E:$E,B$3)=0,"",MAXIFS(Data_Import!$H:$H,Data_Import!$O:$O,"Block "&$A5&": *",Data_Import!$E:$E,B$3)) | C5: =IF(COUNTIFS(Data_Import!$O:$O,"Block "&$A5&": *",Data_Import!$E:$E,C$3)=0,"",MAXIFS(Data_Import!$H:$H,Data_Import!$O:$O,"Block "&$A5&": *",Data_Import!$E:$E,C$3))
A6: 3 | B6: =IF(COUNTIFS(Data_Import!$O:$O,"Block "&$A6&": *",Data_Import!$E:$E,B$3)=0,"",MAXIFS(Data_Import!$H:$H,Data_Import!$O:$O,"Block "&$A6&": *",Data_Import!$E:$E,B$3)) | C6: =IF(COUNTIFS(Data_Import!$O:$O,"Block "&$A6&": *",Data_Import!$E:$E,C$3)=0,"",MAXIFS(Data_Import!$H:$H,Data_Import!$O:$O,"Block "&$A6&": *",Data_Import!$E:$E,C$3))
A7: 4 | B7: =IF(COUNTIFS(Data_Import!$O:$O,"Block "&$A7&": *",Data_Import!$E:$E,B$3)=0,"",MAXIFS(Data_Import!$H:$H,Data_Import!$O:$O,"Block "&$A7&": *",Data_Import!$E:$E,B$3)) | C7: =IF(COUNTIFS(Data_Import!$O:$O,"Block "&$A7&": *",Data_Import!$E:$E,C$3)=0,"",MAXIFS(Data_Import!$H:$H,Data_Import!$O:$O,"Block "&$A7&": *",Data_Import!$E:$E,C$3))
A8: 5 | B8: =IF(COUNTIFS(Data_Import!$O:$O,"Block "&$A8&": *",Data_Import!$E:$E,B$3)=0,"",MAXIFS(Data_Import!$H:$H,Data_Import!$O:$O,"Block "&$A8&": *",Data_Import!$E:$E,B$3)) | C8: =IF(COUNTIFS(Data_Import!$O:$O,"Block "&$A8&": *",Data_Import!$E:$E,C$3)=0,"",MAXIFS(Data_Import!$H:$H,Data_Import!$O:$O,"Block "&$A8&": *",Data_Import!$E:$E,C$3))
A9: 6 | B9: =IF(COUNTIFS(Data_Import!$O:$O,"Block "&$A9&": *",Data_Import!$E:$E,B$3)=0,"",MAXIFS(Data_Import!$H:$H,Data_Import!$O:$O,"Block "&$A9&": *",Data_Import!$E:$E,B$3)) | C9: =IF(COUNTIFS(Data_Import!$O:$O,"Block "&$A9&": *",Data_Import!$E:$E,C$3)=0,"",MAXIFS(Data_Import!$H:$H,Data_Import!$O:$O,"Block "&$A9&": *",Data_Import!$E:$E,C$3))
A10: 7 | B10: =IF(COUNTIFS(Data_Import!$O:$O,"Block "&$A10&": *",Data_Import!$E:$E,B$3)=0,"",MAXIFS(Data_Import!$H:$H,Data_Import!$O:$O,"Block "&$A10&": *",Data_Import!$E:$E,B$3)) | C10: =IF(COUNTIFS(Data_Import!$O:$O,"Block "&$A10&": *",Data_Import!$E:$E,C$3)=0,"",MAXIFS(Data_Import!$H:$H,Data_Import!$O:$O,"Block "&$A10&": *",Data_Import!$E:$E,C$3))
A11: 8 | B11: =IF(COUNTIFS(Data_Import!$O:$O,"Block "&$A11&": *",Data_Import!$E:$E,B$3)=0,"",MAXIFS(Data_Import!$H:$H,Data_Import!$O:$O,"Block "&$A11&": *",Data_Import!$E:$E,B$3)) | C11: =IF(COUNTIFS(Data_Import!$O:$O,"Block "&$A11&": *",Data_Import!$E:$E,C$3)=0,"",MAXIFS(Data_Import!$H:$H,Data_Import!$O:$O,"Block "&$A11&": *",Data_Import!$E:$E,C$3))

Sheet Speed_and_ROM
A1: Swing speed trend and ROM scores, by block
A3: Block | B3: Swing speed (mph) | C3: ROM -- hip (grade) | D3: ROM -- thoracic (deg) | E3: ROM -- reach (cm)
A4: 1 | B4: =IF(COUNTIFS(Data_Import!$O:$O,"Block "&$A4&": *",Data_Import!$J:$J,"swing_speed")=0,"",AVERAGEIFS(Data_Import!$K:$K,Data_Import!$O:$O,"Block "&$A4&": *",Data_Import!$J:$J,"swing_speed")) | C4: =IF(COUNTIFS(Data_Import!$O:$O,"Block "&$A4&": *",Data_Import!$J:$J,"rom_hip")=0,"",AVERAGEIFS(Data_Import!$K:$K,Data_Import!$O:$O,"Block "&$A4&": *",Data_Import!$J:$J,"rom_hip")) | D4: =IF(COUNTIFS(Data_Import!$O:$O,"Block "&$A4&": *",Data_Import!$J:$J,"rom_thoracic")=0,"",AVERAGEIFS(Data_Import!$K:$K,Data_Import!$O:$O,"Block "&$A4&": *",Data_Import!$J:$J,"rom_thoracic")) | E4: =IF(COUNTIFS(Data_Import!$O:$O,"Block "&$A4&": *",Data_Import!$J:$J,"rom_reach")=0,"",AVERAGEIFS(Data_Import!$K:$K,Data_Import!$O:$O,"Block "&$A4&": *",Data_Import!$J:$J,"rom_reach"))
A5: 2 | B5: =IF(COUNTIFS(Data_Import!$O:$O,"Block "&$A5&": *",Data_Import!$J:$J,"swing_speed")=0,"",AVERAGEIFS(Data_Import!$K:$K,Data_Import!$O:$O,"Block "&$A5&": *",Data_Import!$J:$J,"swing_speed")) | C5: =IF(COUNTIFS(Data_Import!$O:$O,"Block "&$A5&": *",Data_Import!$J:$J,"rom_hip")=0,"",AVERAGEIFS(Data_Import!$K:$K,Data_Import!$O:$O,"Block "&$A5&": *",Data_Import!$J:$J,"rom_hip")) | D5: =IF(COUNTIFS(Data_Import!$O:$O,"Block "&$A5&": *",Data_Import!$J:$J,"rom_thoracic")=0,"",AVERAGEIFS(Data_Import!$K:$K,Data_Import!$O:$O,"Block "&$A5&": *",Data_Import!$J:$J,"rom_thoracic")) | E5: =IF(COUNTIFS(Data_Import!$O:$O,"Block "&$A5&": *",Data_Import!$J:$J,"rom_reach")=0,"",AVERAGEIFS(Data_Import!$K:$K,Data_Import!$O:$O,"Block "&$A5&": *",Data_Import!$J:$J,"rom_reach"))
A6: 3 | B6: =IF(COUNTIFS(Data_Import!$O:$O,"Block "&$A6&": *",Data_Import!$J:$J,"swing_speed")=0,"",AVERAGEIFS(Data_Import!$K:$K,Data_Import!$O:$O,"Block "&$A6&": *",Data_Import!$J:$J,"swing_speed")) | C6: =IF(COUNTIFS(Data_Import!$O:$O,"Block "&$A6&": *",Data_Import!$J:$J,"rom_hip")=0,"",AVERAGEIFS(Data_Import!$K:$K,Data_Import!$O:$O,"Block "&$A6&": *",Data_Import!$J:$J,"rom_hip")) | D6: =IF(COUNTIFS(Data_Import!$O:$O,"Block "&$A6&": *",Data_Import!$J:$J,"rom_thoracic")=0,"",AVERAGEIFS(Data_Import!$K:$K,Data_Import!$O:$O,"Block "&$A6&": *",Data_Import!$J:$J,"rom_thoracic")) | E6: =IF(COUNTIFS(Data_Import!$O:$O,"Block "&$A6&": *",Data_Import!$J:$J,"rom_reach")=0,"",AVERAGEIFS(Data_Import!$K:$K,Data_Import!$O:$O,"Block "&$A6&": *",Data_Import!$J:$J,"rom_reach"))
A7: 4 | B7: =IF(COUNTIFS(Data_Import!$O:$O,"Block "&$A7&": *",Data_Import!$J:$J,"swing_speed")=0,"",AVERAGEIFS(Data_Import!$K:$K,Data_Import!$O:$O,"Block "&$A7&": *",Data_Import!$J:$J,"swing_speed")) | C7: =IF(COUNTIFS(Data_Import!$O:$O,"Block "&$A7&": *",Data_Import!$J:$J,"rom_hip")=0,"",AVERAGEIFS(Data_Import!$K:$K,Data_Import!$O:$O,"Block "&$A7&": *",Data_Import!$J:$J,"rom_hip")) | D7: =IF(COUNTIFS(Data_Import!$O:$O,"Block "&$A7&": *",Data_Import!$J:$J,"rom_thoracic")=0,"",AVERAGEIFS(Data_Import!$K:$K,Data_Import!$O:$O,"Block "&$A7&": *",Data_Import!$J:$J,"rom_thoracic")) | E7: =IF(COUNTIFS(Data_Import!$O:$O,"Block "&$A7&": *",Data_Import!$J:$J,"rom_reach")=0,"",AVERAGEIFS(Data_Import!$K:$K,Data_Import!$O:$O,"Block "&$A7&": *",Data_Import!$J:$J,"rom_reach"))
A8: 5 | B8: =IF(COUNTIFS(Data_Import!$O:$O,"Block "&$A8&": *",Data_Import!$J:$J,"swing_speed")=0,"",AVERAGEIFS(Data_Import!$K:$K,Data_Import!$O:$O,"Block "&$A8&": *",Data_Import!$J:$J,"swing_speed")) | C8: =IF(COUNTIFS(Data_Import!$O:$O,"Block "&$A8&": *",Data_Import!$J:$J,"rom_hip")=0,"",AVERAGEIFS(Data_Import!$K:$K,Data_Import!$O:$O,"Block "&$A8&": *",Data_Import!$J:$J,"rom_hip")) | D8: =IF(COUNTIFS(Data_Import!$O:$O,"Block "&$A8&": *",Data_Import!$J:$J,"rom_thoracic")=0,"",AVERAGEIFS(Data_Import!$K:$K,Data_Import!$O:$O,"Block "&$A8&": *",Data_Import!$J:$J,"rom_thoracic")) | E8: =IF(COUNTIFS(Data_Import!$O:$O,"Block "&$A8&": *",Data_Import!$J:$J,"rom_reach")=0,"",AVERAGEIFS(Data_Import!$K:$K,Data_Import!$O:$O,"Block "&$A8&": *",Data_Import!$J:$J,"rom_reach"))
A9: 6 | B9: =IF(COUNTIFS(Data_Import!$O:$O,"Block "&$A9&": *",Data_Import!$J:$J,"swing_speed")=0,"",AVERAGEIFS(Data_Import!$K:$K,Data_Import!$O:$O,"Block "&$A9&": *",Data_Import!$J:$J,"swing_speed")) | C9: =IF(COUNTIFS(Data_Import!$O:$O,"Block "&$A9&": *",Data_Import!$J:$J,"rom_hip")=0,"",AVERAGEIFS(Data_Import!$K:$K,Data_Import!$O:$O,"Block "&$A9&": *",Data_Import!$J:$J,"rom_hip")) | D9: =IF(COUNTIFS(Data_Import!$O:$O,"Block "&$A9&": *",Data_Import!$J:$J,"rom_thoracic")=0,"",AVERAGEIFS(Data_Import!$K:$K,Data_Import!$O:$O,"Block "&$A9&": *",Data_Import!$J:$J,"rom_thoracic")) | E9: =IF(COUNTIFS(Data_Import!$O:$O,"Block "&$A9&": *",Data_Import!$J:$J,"rom_reach")=0,"",AVERAGEIFS(Data_Import!$K:$K,Data_Import!$O:$O,"Block "&$A9&": *",Data_Import!$J:$J,"rom_reach"))
A10: 7 | B10: =IF(COUNTIFS(Data_Import!$O:$O,"Block "&$A10&": *",Data_Import!$J:$J,"swing_speed")=0,"",AVERAGEIFS(Data_Import!$K:$K,Data_Import!$O:$O,"Block "&$A10&": *",Data_Import!$J:$J,"swing_speed")) | C10: =IF(COUNTIFS(Data_Import!$O:$O,"Block "&$A10&": *",Data_Import!$J:$J,"rom_hip")=0,"",AVERAGEIFS(Data_Import!$K:$K,Data_Import!$O:$O,"Block "&$A10&": *",Data_Import!$J:$J,"rom_hip")) | D10: =IF(COUNTIFS(Data_Import!$O:$O,"Block "&$A10&": *",Data_Import!$J:$J,"rom_thoracic")=0,"",AVERAGEIFS(Data_Import!$K:$K,Data_Import!$O:$O,"Block "&$A10&": *",Data_Import!$J:$J,"rom_thoracic")) | E10: =IF(COUNTIFS(Data_Import!$O:$O,"Block "&$A10&": *",Data_Import!$J:$J,"rom_reach")=0,"",AVERAGEIFS(Data_Import!$K:$K,Data_Import!$O:$O,"Block "&$A10&": *",Data_Import!$J:$J,"rom_reach"))
A11: 8 | B11: =IF(COUNTIFS(Data_Import!$O:$O,"Block "&$A11&": *",Data_Import!$J:$J,"swing_speed")=0,"",AVERAGEIFS(Data_Import!$K:$K,Data_Import!$O:$O,"Block "&$A11&": *",Data_Import!$J:$J,"swing_speed")) | C11: =IF(COUNTIFS(Data_Import!$O:$O,"Block "&$A11&": *",Data_Import!$J:$J,"rom_hip")=0,"",AVERAGEIFS(Data_Import!$K:$K,Data_Import!$O:$O,"Block "&$A11&": *",Data_Import!$J:$J,"rom_hip")) | D11: =IF(COUNTIFS(Data_Import!$O:$O,"Block "&$A11&": *",Data_Import!$J:$J,"rom_thoracic")=0,"",AVERAGEIFS(Data_Import!$K:$K,Data_Import!$O:$O,"Block "&$A11&": *",Data_Import!$J:$J,"rom_thoracic")) | E11: =IF(COUNTIFS(Data_Import!$O:$O,"Block "&$A11&": *",Data_Import!$J:$J,"rom_reach")=0,"",AVERAGEIFS(Data_Import!$K:$K,Data_Import!$O:$O,"Block "&$A11&": *",Data_Import!$J:$J,"rom_reach"))

Sheet Weakness_Panel
A1: Weakness panel -- spec sec8.2 RAG signals
A2: Completed block = any block with data except the current one (Dashboard!C3). See tools/build_progress_tracker.py for the exact formula reading of each signal.
A4: Block | B4: Is completed? | C4: Back squat (barbell): max | D4: Back squat (barbell): min | E4: Back squat (barbell): STALLED? | F4: Bench press (barbell): max | G4: Bench press (barbell): min | H4: Bench press (barbell): STALLED? | I4: Swing speed avg | J4: ROM hip avg | K4: ROM STAGNANT? (vs previous block) | L4: Back squat (barbell): SPEED PLATEAU? | M4: Bench press (barbell): SPEED PLATEAU?
A5: 1 | B5: =IF(COUNTIFS(Data_Import!$O:$O,"Block "&$A5&": *")=0,"no data",IF($A5=IFERROR(VALUE(MID(Dashboard!$C$3,7,FIND(":",Dashboard!$C$3)-7)),-1),"in progress","completed")) | C5: =IF(COUNTIFS(Data_Import!$O:$O,"Block "&$A5&": *",Data_Import!$E:$E,"Back squat (barbell)")=0,"",MAXIFS(Data_Import!$H:$H,Data_Import!$O:$O,"Block "&$A5&": *",Data_Import!$E:$E,"Back squat (barbell)")) | D5: =IF(COUNTIFS(Data_Import!$O:$O,"Block "&$A5&": *",Data_Import!$E:$E,"Back squat (barbell)")=0,"",MINIFS(Data_Import!$H:$H,Data_Import!$O:$O,"Block "&$A5&": *",Data_Import!$E:$E,"Back squat (barbell)")) | E5: =IF(OR(C5="",$B5<>"completed"),"",IF(C5<=D5,"STALLED","ok")) | F5: =IF(COUNTIFS(Data_Import!$O:$O,"Block "&$A5&": *",Data_Import!$E:$E,"Bench press (barbell)")=0,"",MAXIFS(Data_Import!$H:$H,Data_Import!$O:$O,"Block "&$A5&": *",Data_Import!$E:$E,"Bench press (barbell)")) | G5: =IF(COUNTIFS(Data_Import!$O:$O,"Block "&$A5&": *",Data_Import!$E:$E,"Bench press (barbell)")=0,"",MINIFS(Data_Import!$H:$H,Data_Import!$O:$O,"Block "&$A5&": *",Data_Import!$E:$E,"Bench press (barbell)")) | H5: =IF(OR(F5="",$B5<>"completed"),"",IF(F5<=G5,"STALLED","ok")) | I5: =IF(COUNTIFS(Data_Import!$O:$O,"Block "&$A5&": *",Data_Import!$J:$J,"swing_speed")=0,"",AVERAGEIFS(Data_Import!$K:$K,Data_Import!$O:$O,"Block "&$A5&": *",Data_Import!$J:$J,"swing_speed")) | J5: =IF(COUNTIFS(Data_Import!$O:$O,"Block "&$A5&": *",Data_Import!$J:$J,"rom_hip")=0,"",AVERAGEIFS(Data_Import!$K:$K,Data_Import!$O:$O,"Block "&$A5&": *",Data_Import!$J:$J,"rom_hip"))
A6: 2 | B6: =IF(COUNTIFS(Data_Import!$O:$O,"Block "&$A6&": *")=0,"no data",IF($A6=IFERROR(VALUE(MID(Dashboard!$C$3,7,FIND(":",Dashboard!$C$3)-7)),-1),"in progress","completed")) | C6: =IF(COUNTIFS(Data_Import!$O:$O,"Block "&$A6&": *",Data_Import!$E:$E,"Back squat (barbell)")=0,"",MAXIFS(Data_Import!$H:$H,Data_Import!$O:$O,"Block "&$A6&": *",Data_Import!$E:$E,"Back squat (barbell)")) | D6: =IF(COUNTIFS(Data_Import!$O:$O,"Block "&$A6&": *",Data_Import!$E:$E,"Back squat (barbell)")=0,"",MINIFS(Data_Import!$H:$H,Data_Import!$O:$O,"Block "&$A6&": *",Data_Import!$E:$E,"Back squat (barbell)")) | E6: =IF(OR(C6="",$B6<>"completed"),"",IF(C6<=D6,"STALLED","ok")) | F6: =IF(COUNTIFS(Data_Import!$O:$O,"Block "&$A6&": *",Data_Import!$E:$E,"Bench press (barbell)")=0,"",MAXIFS(Data_Import!$H:$H,Data_Import!$O:$O,"Block "&$A6&": *",Data_Import!$E:$E,"Bench press (barbell)")) | G6: =IF(COUNTIFS(Data_Import!$O:$O,"Block "&$A6&": *",Data_Import!$E:$E,"Bench press (barbell)")=0,"",MINIFS(Data_Import!$H:$H,Data_Import!$O:$O,"Block "&$A6&": *",Data_Import!$E:$E,"Bench press (barbell)")) | H6: =IF(OR(F6="",$B6<>"completed"),"",IF(F6<=G6,"STALLED","ok")) | I6: =IF(COUNTIFS(Data_Import!$O:$O,"Block "&$A6&": *",Data_Import!$J:$J,"swing_speed")=0,"",AVERAGEIFS(Data_Import!$K:$K,Data_Import!$O:$O,"Block "&$A6&": *",Data_Import!$J:$J,"swing_speed")) | J6: =IF(COUNTIFS(Data_Import!$O:$O,"Block "&$A6&": *",Data_Import!$J:$J,"rom_hip")=0,"",AVERAGEIFS(Data_Import!$K:$K,Data_Import!$O:$O,"Block "&$A6&": *",Data_Import!$J:$J,"rom_hip")) | K6: =IF(OR(J6="",J5="",B6<>"completed"),"",IF(J6=J5,"STAGNANT","ok")) | L6: =IF(OR(C6="",I6="",I5="",B6<>"completed"),"",IF(AND(C6>D6,I6<=I5),"PLATEAU","ok")) | M6: =IF(OR(F6="",I6="",I5="",B6<>"completed"),"",IF(AND(F6>G6,I6<=I5),"PLATEAU","ok"))
A7: 3 | B7: =IF(COUNTIFS(Data_Import!$O:$O,"Block "&$A7&": *")=0,"no data",IF($A7=IFERROR(VALUE(MID(Dashboard!$C$3,7,FIND(":",Dashboard!$C$3)-7)),-1),"in progress","completed")) | C7: =IF(COUNTIFS(Data_Import!$O:$O,"Block "&$A7&": *",Data_Import!$E:$E,"Back squat (barbell)")=0,"",MAXIFS(Data_Import!$H:$H,Data_Import!$O:$O,"Block "&$A7&": *",Data_Import!$E:$E,"Back squat (barbell)")) | D7: =IF(COUNTIFS(Data_Import!$O:$O,"Block "&$A7&": *",Data_Import!$E:$E,"Back squat (barbell)")=0,"",MINIFS(Data_Import!$H:$H,Data_Import!$O:$O,"Block "&$A7&": *",Data_Import!$E:$E,"Back squat (barbell)")) | E7: =IF(OR(C7="",$B7<>"completed"),"",IF(C7<=D7,"STALLED","ok")) | F7: =IF(COUNTIFS(Data_Import!$O:$O,"Block "&$A7&": *",Data_Import!$E:$E,"Bench press (barbell)")=0,"",MAXIFS(Data_Import!$H:$H,Data_Import!$O:$O,"Block "&$A7&": *",Data_Import!$E:$E,"Bench press (barbell)")) | G7: =IF(COUNTIFS(Data_Import!$O:$O,"Block "&$A7&": *",Data_Import!$E:$E,"Bench press (barbell)")=0,"",MINIFS(Data_Import!$H:$H,Data_Import!$O:$O,"Block "&$A7&": *",Data_Import!$E:$E,"Bench press (barbell)")) | H7: =IF(OR(F7="",$B7<>"completed"),"",IF(F7<=G7,"STALLED","ok")) | I7: =IF(COUNTIFS(Data_Import!$O:$O,"Block "&$A7&": *",Data_Import!$J:$J,"swing_speed")=0,"",AVERAGEIFS(Data_Import!$K:$K,Data_Import!$O:$O,"Block "&$A7&": *",Data_Import!$J:$J,"swing_speed")) | J7: =IF(COUNTIFS(Data_Import!$O:$O,"Block "&$A7&": *",Data_Import!$J:$J,"rom_hip")=0,"",AVERAGEIFS(Data_Import!$K:$K,Data_Import!$O:$O,"Block "&$A7&": *",Data_Import!$J:$J,"rom_hip")) | K7: =IF(OR(J7="",J6="",B7<>"completed"),"",IF(J7=J6,"STAGNANT","ok")) | L7: =IF(OR(C7="",I7="",I6="",B7<>"completed"),"",IF(AND(C7>D7,I7<=I6),"PLATEAU","ok")) | M7: =IF(OR(F7="",I7="",I6="",B7<>"completed"),"",IF(AND(F7>G7,I7<=I6),"PLATEAU","ok"))
A8: 4 | B8: =IF(COUNTIFS(Data_Import!$O:$O,"Block "&$A8&": *")=0,"no data",IF($A8=IFERROR(VALUE(MID(Dashboard!$C$3,7,FIND(":",Dashboard!$C$3)-7)),-1),"in progress","completed")) | C8: =IF(COUNTIFS(Data_Import!$O:$O,"Block "&$A8&": *",Data_Import!$E:$E,"Back squat (barbell)")=0,"",MAXIFS(Data_Import!$H:$H,Data_Import!$O:$O,"Block "&$A8&": *",Data_Import!$E:$E,"Back squat (barbell)")) | D8: =IF(COUNTIFS(Data_Import!$O:$O,"Block "&$A8&": *",Data_Import!$E:$E,"Back squat (barbell)")=0,"",MINIFS(Data_Import!$H:$H,Data_Import!$O:$O,"Block "&$A8&": *",Data_Import!$E:$E,"Back squat (barbell)")) | E8: =IF(OR(C8="",$B8<>"completed"),"",IF(C8<=D8,"STALLED","ok")) | F8: =IF(COUNTIFS(Data_Import!$O:$O,"Block "&$A8&": *",Data_Import!$E:$E,"Bench press (barbell)")=0,"",MAXIFS(Data_Import!$H:$H,Data_Import!$O:$O,"Block "&$A8&": *",Data_Import!$E:$E,"Bench press (barbell)")) | G8: =IF(COUNTIFS(Data_Import!$O:$O,"Block "&$A8&": *",Data_Import!$E:$E,"Bench press (barbell)")=0,"",MINIFS(Data_Import!$H:$H,Data_Import!$O:$O,"Block "&$A8&": *",Data_Import!$E:$E,"Bench press (barbell)")) | H8: =IF(OR(F8="",$B8<>"completed"),"",IF(F8<=G8,"STALLED","ok")) | I8: =IF(COUNTIFS(Data_Import!$O:$O,"Block "&$A8&": *",Data_Import!$J:$J,"swing_speed")=0,"",AVERAGEIFS(Data_Import!$K:$K,Data_Import!$O:$O,"Block "&$A8&": *",Data_Import!$J:$J,"swing_speed")) | J8: =IF(COUNTIFS(Data_Import!$O:$O,"Block "&$A8&": *",Data_Import!$J:$J,"rom_hip")=0,"",AVERAGEIFS(Data_Import!$K:$K,Data_Import!$O:$O,"Block "&$A8&": *",Data_Import!$J:$J,"rom_hip")) | K8: =IF(OR(J8="",J7="",B8<>"completed"),"",IF(J8=J7,"STAGNANT","ok")) | L8: =IF(OR(C8="",I8="",I7="",B8<>"completed"),"",IF(AND(C8>D8,I8<=I7),"PLATEAU","ok")) | M8: =IF(OR(F8="",I8="",I7="",B8<>"completed"),"",IF(AND(F8>G8,I8<=I7),"PLATEAU","ok"))
A9: 5 | B9: =IF(COUNTIFS(Data_Import!$O:$O,"Block "&$A9&": *")=0,"no data",IF($A9=IFERROR(VALUE(MID(Dashboard!$C$3,7,FIND(":",Dashboard!$C$3)-7)),-1),"in progress","completed")) | C9: =IF(COUNTIFS(Data_Import!$O:$O,"Block "&$A9&": *",Data_Import!$E:$E,"Back squat (barbell)")=0,"",MAXIFS(Data_Import!$H:$H,Data_Import!$O:$O,"Block "&$A9&": *",Data_Import!$E:$E,"Back squat (barbell)")) | D9: =IF(COUNTIFS(Data_Import!$O:$O,"Block "&$A9&": *",Data_Import!$E:$E,"Back squat (barbell)")=0,"",MINIFS(Data_Import!$H:$H,Data_Import!$O:$O,"Block "&$A9&": *",Data_Import!$E:$E,"Back squat (barbell)")) | E9: =IF(OR(C9="",$B9<>"completed"),"",IF(C9<=D9,"STALLED","ok")) | F9: =IF(COUNTIFS(Data_Import!$O:$O,"Block "&$A9&": *",Data_Import!$E:$E,"Bench press (barbell)")=0,"",MAXIFS(Data_Import!$H:$H,Data_Import!$O:$O,"Block "&$A9&": *",Data_Import!$E:$E,"Bench press (barbell)")) | G9: =IF(COUNTIFS(Data_Import!$O:$O,"Block "&$A9&": *",Data_Import!$E:$E,"Bench press (barbell)")=0,"",MINIFS(Data_Import!$H:$H,Data_Import!$O:$O,"Block "&$A9&": *",Data_Import!$E:$E,"Bench press (barbell)")) | H9: =IF(OR(F9="",$B9<>"completed"),"",IF(F9<=G9,"STALLED","ok")) | I9: =IF(COUNTIFS(Data_Import!$O:$O,"Block "&$A9&": *",Data_Import!$J:$J,"swing_speed")=0,"",AVERAGEIFS(Data_Import!$K:$K,Data_Import!$O:$O,"Block "&$A9&": *",Data_Import!$J:$J,"swing_speed")) | J9: =IF(COUNTIFS(Data_Import!$O:$O,"Block "&$A9&": *",Data_Import!$J:$J,"rom_hip")=0,"",AVERAGEIFS(Data_Import!$K:$K,Data_Import!$O:$O,"Block "&$A9&": *",Data_Import!$J:$J,"rom_hip")) | K9: =IF(OR(J9="",J8="",B9<>"completed"),"",IF(J9=J8,"STAGNANT","ok")) | L9: =IF(OR(C9="",I9="",I8="",B9<>"completed"),"",IF(AND(C9>D9,I9<=I8),"PLATEAU","ok")) | M9: =IF(OR(F9="",I9="",I8="",B9<>"completed"),"",IF(AND(F9>G9,I9<=I8),"PLATEAU","ok"))
A10: 6 | B10: =IF(COUNTIFS(Data_Import!$O:$O,"Block "&$A10&": *")=0,"no data",IF($A10=IFERROR(VALUE(MID(Dashboard!$C$3,7,FIND(":",Dashboard!$C$3)-7)),-1),"in progress","completed")) | C10: =IF(COUNTIFS(Data_Import!$O:$O,"Block "&$A10&": *",Data_Import!$E:$E,"Back squat (barbell)")=0,"",MAXIFS(Data_Import!$H:$H,Data_Import!$O:$O,"Block "&$A10&": *",Data_Import!$E:$E,"Back squat (barbell)")) | D10: =IF(COUNTIFS(Data_Import!$O:$O,"Block "&$A10&": *",Data_Import!$E:$E,"Back squat (barbell)")=0,"",MINIFS(Data_Import!$H:$H,Data_Import!$O:$O,"Block "&$A10&": *",Data_Import!$E:$E,"Back squat (barbell)")) | E10: =IF(OR(C10="",$B10<>"completed"),"",IF(C10<=D10,"STALLED","ok")) | F10: =IF(COUNTIFS(Data_Import!$O:$O,"Block "&$A10&": *",Data_Import!$E:$E,"Bench press (barbell)")=0,"",MAXIFS(Data_Import!$H:$H,Data_Import!$O:$O,"Block "&$A10&": *",Data_Import!$E:$E,"Bench press (barbell)")) | G10: =IF(COUNTIFS(Data_Import!$O:$O,"Block "&$A10&": *",Data_Import!$E:$E,"Bench press (barbell)")=0,"",MINIFS(Data_Import!$H:$H,Data_Import!$O:$O,"Block "&$A10&": *",Data_Import!$E:$E,"Bench press (barbell)")) | H10: =IF(OR(F10="",$B10<>"completed"),"",IF(F10<=G10,"STALLED","ok")) | I10: =IF(COUNTIFS(Data_Import!$O:$O,"Block "&$A10&": *",Data_Import!$J:$J,"swing_speed")=0,"",AVERAGEIFS(Data_Import!$K:$K,Data_Import!$O:$O,"Block "&$A10&": *",Data_Import!$J:$J,"swing_speed")) | J10: =IF(COUNTIFS(Data_Import!$O:$O,"Block "&$A10&": *",Data_Import!$J:$J,"rom_hip")=0,"",AVERAGEIFS(Data_Import!$K:$K,Data_Import!$O:$O,"Block "&$A10&": *",Data_Import!$J:$J,"rom_hip")) | K10: =IF(OR(J10="",J9="",B10<>"completed"),"",IF(J10=J9,"STAGNANT","ok")) | L10: =IF(OR(C10="",I10="",I9="",B10<>"completed"),"",IF(AND(C10>D10,I10<=I9),"PLATEAU","ok")) | M10: =IF(OR(F10="",I10="",I9="",B10<>"completed"),"",IF(AND(F10>G10,I10<=I9),"PLATEAU","ok"))
A11: 7 | B11: =IF(COUNTIFS(Data_Import!$O:$O,"Block "&$A11&": *")=0,"no data",IF($A11=IFERROR(VALUE(MID(Dashboard!$C$3,7,FIND(":",Dashboard!$C$3)-7)),-1),"in progress","completed")) | C11: =IF(COUNTIFS(Data_Import!$O:$O,"Block "&$A11&": *",Data_Import!$E:$E,"Back squat (barbell)")=0,"",MAXIFS(Data_Import!$H:$H,Data_Import!$O:$O,"Block "&$A11&": *",Data_Import!$E:$E,"Back squat (barbell)")) | D11: =IF(COUNTIFS(Data_Import!$O:$O,"Block "&$A11&": *",Data_Import!$E:$E,"Back squat (barbell)")=0,"",MINIFS(Data_Import!$H:$H,Data_Import!$O:$O,"Block "&$A11&": *",Data_Import!$E:$E,"Back squat (barbell)")) | E11: =IF(OR(C11="",$B11<>"completed"),"",IF(C11<=D11,"STALLED","ok")) | F11: =IF(COUNTIFS(Data_Import!$O:$O,"Block "&$A11&": *",Data_Import!$E:$E,"Bench press (barbell)")=0,"",MAXIFS(Data_Import!$H:$H,Data_Import!$O:$O,"Block "&$A11&": *",Data_Import!$E:$E,"Bench press (barbell)")) | G11: =IF(COUNTIFS(Data_Import!$O:$O,"Block "&$A11&": *",Data_Import!$E:$E,"Bench press (barbell)")=0,"",MINIFS(Data_Import!$H:$H,Data_Import!$O:$O,"Block "&$A11&": *",Data_Import!$E:$E,"Bench press (barbell)")) | H11: =IF(OR(F11="",$B11<>"completed"),"",IF(F11<=G11,"STALLED","ok")) | I11: =IF(COUNTIFS(Data_Import!$O:$O,"Block "&$A11&": *",Data_Import!$J:$J,"swing_speed")=0,"",AVERAGEIFS(Data_Import!$K:$K,Data_Import!$O:$O,"Block "&$A11&": *",Data_Import!$J:$J,"swing_speed")) | J11: =IF(COUNTIFS(Data_Import!$O:$O,"Block "&$A11&": *",Data_Import!$J:$J,"rom_hip")=0,"",AVERAGEIFS(Data_Import!$K:$K,Data_Import!$O:$O,"Block "&$A11&": *",Data_Import!$J:$J,"rom_hip")) | K11: =IF(OR(J11="",J10="",B11<>"completed"),"",IF(J11=J10,"STAGNANT","ok")) | L11: =IF(OR(C11="",I11="",I10="",B11<>"completed"),"",IF(AND(C11>D11,I11<=I10),"PLATEAU","ok")) | M11: =IF(OR(F11="",I11="",I10="",B11<>"completed"),"",IF(AND(F11>G11,I11<=I10),"PLATEAU","ok"))
A12: 8 | B12: =IF(COUNTIFS(Data_Import!$O:$O,"Block "&$A12&": *")=0,"no data",IF($A12=IFERROR(VALUE(MID(Dashboard!$C$3,7,FIND(":",Dashboard!$C$3)-7)),-1),"in progress","completed")) | C12: =IF(COUNTIFS(Data_Import!$O:$O,"Block "&$A12&": *",Data_Import!$E:$E,"Back squat (barbell)")=0,"",MAXIFS(Data_Import!$H:$H,Data_Import!$O:$O,"Block "&$A12&": *",Data_Import!$E:$E,"Back squat (barbell)")) | D12: =IF(COUNTIFS(Data_Import!$O:$O,"Block "&$A12&": *",Data_Import!$E:$E,"Back squat (barbell)")=0,"",MINIFS(Data_Import!$H:$H,Data_Import!$O:$O,"Block "&$A12&": *",Data_Import!$E:$E,"Back squat (barbell)")) | E12: =IF(OR(C12="",$B12<>"completed"),"",IF(C12<=D12,"STALLED","ok")) | F12: =IF(COUNTIFS(Data_Import!$O:$O,"Block "&$A12&": *",Data_Import!$E:$E,"Bench press (barbell)")=0,"",MAXIFS(Data_Import!$H:$H,Data_Import!$O:$O,"Block "&$A12&": *",Data_Import!$E:$E,"Bench press (barbell)")) | G12: =IF(COUNTIFS(Data_Import!$O:$O,"Block "&$A12&": *",Data_Import!$E:$E,"Bench press (barbell)")=0,"",MINIFS(Data_Import!$H:$H,Data_Import!$O:$O,"Block "&$A12&": *",Data_Import!$E:$E,"Bench press (barbell)")) | H12: =IF(OR(F12="",$B12<>"completed"),"",IF(F12<=G12,"STALLED","ok")) | I12: =IF(COUNTIFS(Data_Import!$O:$O,"Block "&$A12&": *",Data_Import!$J:$J,"swing_speed")=0,"",AVERAGEIFS(Data_Import!$K:$K,Data_Import!$O:$O,"Block "&$A12&": *",Data_Import!$J:$J,"swing_speed")) | J12: =IF(COUNTIFS(Data_Import!$O:$O,"Block "&$A12&": *",Data_Import!$J:$J,"rom_hip")=0,"",AVERAGEIFS(Data_Import!$K:$K,Data_Import!$O:$O,"Block "&$A12&": *",Data_Import!$J:$J,"rom_hip")) | K12: =IF(OR(J12="",J11="",B12<>"completed"),"",IF(J12=J11,"STAGNANT","ok")) | L12: =IF(OR(C12="",I12="",I11="",B12<>"completed"),"",IF(AND(C12>D12,I12<=I11),"PLATEAU","ok")) | M12: =IF(OR(F12="",I12="",I11="",B12<>"completed"),"",IF(AND(F12>G12,I12<=I11),"PLATEAU","ok"))
A15: Session-frequency drift (<2/week over the last 4 weeks of logged dates)
A16: Sessions in window | B16: =SUMPRODUCT((Data_Import!$A$2:$A$2001<>"")*(Data_Import!$A$2:$A$2001>=MAX(Data_Import!$A$2:$A$2001)-27)*(Data_Import!$N$2:$N$2001=1))
A17: Rolling average /week | B17: =$B$16/4
A18: FLAG | B18: =IF($B$16=0,"no data yet",IF($B$17<2,"DRIFTING","ok"))
